epoch,time,train/box_loss,train/cls_loss,train/dfl_loss,metrics/precision(B),metrics/recall(B),metrics/mAP50(B),metrics/mAP50-95(B),val/box_loss,val/cls_loss,val/dfl_loss,lr/pg0,lr/pg1,lr/pg2
1,153.666,1.00677,4.8326,1.06905,0.05506,0.06163,0.0307,0.02307,0.69383,4.92901,0.85613,0.000120652,0.000120652,0.000120652
2,319.132,0.97793,4.29697,1.06104,0.0338,0.84595,0.18597,0.14804,0.73611,4.5923,0.87734,0.000195676,0.000195676,0.000195676
3,498.611,0.99168,3.76179,1.07461,0.31545,0.39541,0.36278,0.29317,0.77619,3.90291,0.91941,0.000221861,0.000221861,0.000221861
4,716.334,0.93714,3.33662,1.04877,0.55288,0.42028,0.43145,0.33966,0.84108,3.83714,0.92558,0.00015022,0.00015022,0.00015022
5,942.628,0.93127,3.06313,1.05297,0.46994,0.53246,0.57417,0.48539,0.71926,3.38315,0.9108,7.696e-05,7.696e-05,7.696e-05
